,close,open,high,low,volume,pct_change
2010-01-02,10.14,10.98,10.98,10.14,136141,0.07650273224043715
2010-01-03,10.34,10.14,10.34,10.14,138795,0.01972386587771196
2010-01-04,10.14,10.34,10.34,10.14,140840,0.019342359767891615
2010-01-05,10.78,10.14,10.78,10.14,145148,0.06311637080867838
2010-01-06,10.61,10.78,10.78,10.61,157212,0.015769944341372907
2010-01-07,9.4,10.61,10.61,9.4,147667,0.11404335532516485
2010-01-08,9.82,9.4,9.82,9.4,173807,0.044680851063829775
2010-01-09,9.93,9.82,9.93,9.82,167163,0.011201629327902182
2010-01-10,8.5,9.93,9.93,8.5,105120,0.14400805639476333
2010-01-11,10.39,8.5,10.39,8.5,171467,0.22235294117647064
2010-01-12,7.66,10.39,10.39,7.66,127277,0.26275264677574595
2010-01-13,10.6,7.66,10.6,7.66,105694,0.38381201044386415
2010-01-14,9.66,10.6,10.6,9.66,149582,0.08867924528301882
2010-01-15,8.72,9.66,9.66,8.72,122899,0.09730848861283639
2010-01-16,10.08,8.72,10.08,8.72,103356,0.1559633027522935
2010-01-17,9.29,10.08,10.08,9.29,104908,0.07837301587301597
2010-01-18,8.64,9.29,9.29,8.64,104340,0.06996770721205582
2010-01-19,13.06,8.64,13.06,8.64,108455,0.5115740740740741
2010-01-20,10.56,13.06,13.06,10.56,121263,0.1914241960183767
2010-01-21,10.48,10.56,10.56,10.48,139799,0.007575757575757582
2010-01-22,8.81,10.48,10.48,8.81,113257,0.1593511450381679
2010-01-23,9.28,8.81,9.28,8.81,168737,0.05334846765039714
2010-01-24,8.4,9.28,9.28,8.4,137782,0.09482758620689645
2010-01-25,10.26,8.4,10.26,8.4,135957,0.22142857142857136
2010-01-26,11.29,10.26,11.29,10.26,130257,0.10038986354775822
2010-01-27,8.99,11.29,11.29,8.99,162041,0.20372010628875103
2010-01-28,9.63,8.99,9.63,8.99,148532,0.07119021134593999
2010-01-29,10.05,9.63,10.05,9.63,158228,0.043613707165109025
2010-01-30,10.45,10.05,10.45,10.05,111662,0.039800995024875475
2010-01-31,10.51,10.45,10.51,10.45,157522,0.005741626794258421
2010-02-01,8.54,10.51,10.51,8.54,130882,0.1874405328258802
2010-02-02,10.85,8.54,10.85,8.54,166895,0.2704918032786886
2010-02-03,10.02,10.85,10.85,10.02,154190,0.07649769585253458
2010-02-04,10.4,10.02,10.4,10.02,159380,0.037924151696606866
2010-02-05,9.94,10.4,10.4,9.94,192832,0.04423076923076931
2010-02-06,8.51,9.94,9.94,8.51,137301,0.14386317907444665
2010-02-07,9.42,8.51,9.42,8.51,168524,0.10693301997649826
2010-02-08,7.55,9.42,9.42,7.55,168677,0.19851380042462846
2010-02-09,9.18,7.55,9.18,7.55,185324,0.21589403973509932
2010-02-10,8.67,9.18,9.18,8.67,196054,0.05555555555555553
2010-02-11,11.21,8.67,11.21,8.67,145583,0.29296424452133807
2010-02-12,7.37,11.21,11.21,7.37,135034,0.3425512934879572
2010-02-13,11.5,7.37,11.5,7.37,185571,0.5603799185888738
2010-02-14,8.94,11.5,11.5,8.94,165634,0.22260869565217395
2010-02-15,11.42,8.94,11.42,8.94,192355,0.2774049217002238
2010-02-16,8.95,11.42,11.42,8.95,193876,0.21628721541155874
2010-02-17,10.92,8.95,10.92,8.95,175304,0.22011173184357552
2010-02-18,8.94,10.92,10.92,8.94,147832,0.18131868131868137
2010-02-19,10.71,8.94,10.71,8.94,119211,0.1979865771812082
2010-02-20,10.74,10.71,10.74,10.71,148956,0.002801120448179212
2010-02-21,11.69,10.74,11.69,10.74,100260,0.0884543761638733
2010-02-22,10.03,11.69,11.69,10.03,120950,0.14200171086398633
2010-02-23,8.27,10.03,10.03,8.27,189238,0.17547357926221335
2010-02-24,10.56,8.27,10.56,8.27,141311,0.2769044740024185
2010-02-25,7.86,10.56,10.56,7.86,167108,0.2556818181818182
2010-02-26,12.37,7.86,12.37,7.86,169993,0.5737913486005087
2010-02-27,10.06,12.37,12.37,10.06,145287,0.18674211802748575
2010-02-28,11.43,10.06,11.43,10.06,116471,0.13618290258449295
2010-03-01,11.08,11.43,11.43,11.08,150433,0.030621172353455788
2010-03-02,10.1,11.08,11.08,10.1,114534,0.08844765342960292
2010-03-03,8.76,10.1,10.1,8.76,104459,0.13267326732673265
2010-03-04,10.01,8.76,10.01,8.76,133669,0.14269406392694065
2010-03-05,9.22,10.01,10.01,9.22,158036,0.07892107892107884
2010-03-06,10.73,9.22,10.73,9.22,109886,0.1637744034707158
2010-03-07,8.59,10.73,10.73,8.59,164418,0.19944082013047534
2010-03-08,10.15,8.59,10.15,8.59,191531,0.1816065192083819
2010-03-09,10.74,10.15,10.74,10.15,107122,0.05812807881773398
2010-03-10,10.07,10.74,10.74,10.07,195911,0.06238361266294226
2010-03-11,11.97,10.07,11.97,10.07,146665,0.1886792452830189
2010-03-12,11.49,11.97,11.97,11.49,154037,0.04010025062656645
2010-03-13,9.61,11.49,11.49,9.61,167678,0.16362053959965195
2010-03-14,9.9,9.61,9.9,9.61,120854,0.030176899063475645
2010-03-15,8.93,9.9,9.9,8.93,190270,0.09797979797979804
2010-03-16,8.77,8.93,8.93,8.77,189972,0.01791713325867863
2010-03-17,11.61,8.77,11.61,8.77,194833,0.3238312428734322
2010-03-18,11.71,11.61,11.71,11.61,156242,0.008613264427218038
2010-03-19,10.77,11.71,11.71,10.77,193103,0.080273270708796
2010-03-20,8.01,10.77,10.77,8.01,143018,0.2562674094707521
2010-03-21,9.48,8.01,9.48,8.01,158193,0.18352059925093642
2010-03-22,9.59,9.48,9.59,9.48,104684,0.0116033755274261
2010-03-23,9.11,9.59,9.59,9.11,179463,0.05005213764337856
2010-03-24,9.26,9.11,9.26,9.11,131792,0.016465422612513762
2010-03-25,9.95,9.26,9.95,9.26,129132,0.0745140388768898
2010-03-26,10.49,9.95,10.49,9.95,150980,0.05427135678391969
2010-03-27,8.27,10.49,10.49,8.27,140428,0.2116301239275501
2010-03-28,10.66,8.27,10.66,8.27,189745,0.28899637243047166
2010-03-29,10.22,10.66,10.66,10.22,125790,0.0412757973733583
2010-03-30,9.71,10.22,10.22,9.71,193449,0.049902152641878646
2010-03-31,10.45,9.71,10.45,9.71,145390,0.0762100926879504
2010-04-01,10.32,10.45,10.45,10.32,192340,0.012440191387559715
2010-04-02,9.39,10.32,10.32,9.39,134263,0.09011627906976741
2010-04-03,10.13,9.39,10.13,9.39,199584,0.07880724174653889
2010-04-04,8.29,10.13,10.13,8.29,104614,0.18163869693978296
2010-04-05,9.9,8.29,9.9,8.29,113662,0.19420989143546458
2010-04-06,9.87,9.9,9.9,9.87,176515,0.0030303030303031452
2010-04-07,10.37,9.87,10.37,9.87,164363,0.050658561296859174
2010-04-08,8.52,10.37,10.37,8.52,103237,0.17839922854387655
2010-04-09,10.13,8.52,10.13,8.52,100793,0.1889671361502349
2010-04-10,8.94,10.13,10.13,8.94,196431,0.11747285291214227
2010-04-11,9.09,8.94,9.09,8.94,175855,0.016778523489932928
2010-04-12,10.26,9.09,10.26,9.09,114743,0.12871287128712872
2010-04-13,8.75,10.26,10.26,8.75,100253,0.14717348927875243
2010-04-14,10.3,8.75,10.3,8.75,129692,0.1771428571428572
2010-04-15,10.08,10.3,10.3,10.08,105228,0.021359223300970936
2010-04-16,9.37,10.08,10.08,9.37,115641,0.07043650793650802
2010-04-17,10.7,9.37,10.7,9.37,180546,0.1419423692636073
2010-04-18,10.54,10.7,10.7,10.54,198715,0.014953271028037398
2010-04-19,10.33,10.54,10.54,10.33,101971,0.01992409867172667
2010-04-20,9.31,10.33,10.33,9.31,198539,0.09874152952565339
2010-04-21,9.67,9.31,9.67,9.31,197089,0.038668098818474696
2010-04-22,10.18,9.67,10.18,9.67,179783,0.052740434332988605
2010-04-23,8.07,10.18,10.18,8.07,119291,0.20726915520628678
2010-04-24,8.32,8.07,8.32,8.07,169628,0.03097893432465923
2010-04-25,10.29,8.32,10.29,8.32,109426,0.236778846153846
2010-04-26,10.88,10.29,10.88,10.29,187950,0.05733722060252689
2010-04-27,11.39,10.88,11.39,10.88,149332,0.04687499999999998
2010-04-28,10.25,11.39,11.39,10.25,147389,0.10008779631255492
2010-04-29,9.7,10.25,10.25,9.7,133595,0.05365853658536592
2010-04-30,9.6,9.7,9.7,9.6,144750,0.010309278350515427
2010-05-01,8.4,9.6,9.6,8.4,182978,0.12499999999999993
2010-05-02,10.72,8.4,10.72,8.4,166346,0.2761904761904762
2010-05-03,10.59,10.72,10.72,10.59,180172,0.012126865671641862
2010-05-04,10.07,10.59,10.59,10.07,165061,0.04910292728989609
2010-05-05,9.9,10.07,10.07,9.9,191636,0.01688182720953326
2010-05-06,10.2,9.9,10.2,9.9,157940,0.030303030303030193
2010-05-07,11.14,10.2,11.14,10.2,175831,0.09215686274509817
2010-05-08,12.52,11.14,12.52,11.14,189149,0.12387791741472162
2010-05-09,9.66,12.52,12.52,9.66,191706,0.22843450479233224
2010-05-10,8.36,9.66,9.66,8.36,190463,0.13457556935817813
2010-05-11,10.73,8.36,10.73,8.36,129584,0.2834928229665073
2010-05-12,10.05,10.73,10.73,10.05,123655,0.06337371854613232
2010-05-13,8.82,10.05,10.05,8.82,179339,0.12238805970149257
2010-05-14,10.49,8.82,10.49,8.82,139649,0.1893424036281179
2010-05-15,9.69,10.49,10.49,9.69,199926,0.07626310772163972
2010-05-16,9.19,9.69,9.69,9.19,110289,0.05159958720330238
2010-05-17,12.45,9.19,12.45,9.19,196484,0.3547334058759521
2010-05-18,8.64,12.45,12.45,8.64,182470,0.30602409638554207
2010-05-19,8.49,8.64,8.64,8.49,184190,0.01736111111111115
2010-05-20,11.1,8.49,11.1,8.49,146244,0.30742049469964655
2010-05-21,9.99,11.1,11.1,9.99,158363,0.09999999999999995
2010-05-22,10.85,9.99,10.85,9.99,151111,0.08608608608608603
2010-05-23,8.12,10.85,10.85,8.12,134110,0.2516129032258065
2010-05-24,9.18,8.12,9.18,8.12,166993,0.13054187192118233
2010-05-25,8.84,9.18,9.18,8.84,118639,0.03703703703703702
2010-05-26,9.33,8.84,9.33,8.84,193633,0.05542986425339369
2010-05-27,10.2,9.33,10.2,9.33,123221,0.09324758842443721
2010-05-28,9.06,10.2,10.2,9.06,160657,0.11176470588235284
2010-05-29,8.99,9.06,9.06,8.99,100162,0.00772626931567332
2010-05-30,9.87,8.99,9.87,8.99,189499,0.0978865406006673
2010-05-31,9.53,9.87,9.87,9.53,119994,0.03444782168186422
2010-06-01,9.8,9.53,9.8,9.53,174253,0.02833158447009458
2010-06-02,10.94,9.8,10.94,9.8,170285,0.11632653061224477
2010-06-03,8.9,10.94,10.94,8.9,110582,0.186471663619744
2010-06-04,10.77,8.9,10.77,8.9,108151,0.2101123595505617
2010-06-05,9.41,10.77,10.77,9.41,193353,0.12627669452181983
2010-06-06,9.14,9.41,9.41,9.14,170447,0.028692879914984013
2010-06-07,9.91,9.14,9.91,9.14,155978,0.08424507658643321
2010-06-08,9.39,9.91,9.91,9.39,157884,0.05247225025227039
2010-06-09,9.32,9.39,9.39,9.32,136888,0.007454739084132085
2010-06-10,9.22,9.32,9.32,9.22,197419,0.010729613733905541
2010-06-11,9.37,9.22,9.37,9.22,153167,0.016268980477223274
2010-06-12,11.31,9.37,11.31,9.37,158084,0.20704375667022426
2010-06-13,8.36,11.31,11.31,8.36,164794,0.2608311229000885
2010-06-14,11.82,8.36,11.82,8.36,153460,0.4138755980861245
2010-06-15,9.03,11.82,11.82,9.03,138378,0.2360406091370559
2010-06-16,9.46,9.03,9.46,9.03,198893,0.04761904761904779
2010-06-17,10.35,9.46,10.35,9.46,111122,0.09408033826638464
2010-06-18,8.14,10.35,10.35,8.14,102529,0.2135265700483091
2010-06-19,9.1,8.14,9.1,8.14,135149,0.11793611793611782
2010-06-20,10.89,9.1,10.89,9.1,139170,0.1967032967032968
2010-06-21,10.16,10.89,10.89,10.16,122279,0.06703397612488525
2010-06-22,9.1,10.16,10.16,9.1,186624,0.10433070866141737
2010-06-23,10.37,9.1,10.37,9.1,137103,0.1395604395604395
2010-06-24,9.65,10.37,10.37,9.65,193561,0.06943105110896808
2010-06-25,9.92,9.65,9.92,9.65,124223,0.02797927461139892
2010-06-26,10.28,9.92,10.28,9.92,134694,0.0362903225806451
2010-06-27,10.23,10.28,10.28,10.23,195807,0.004863813229571881
2010-06-28,8.07,10.23,10.23,8.07,158339,0.21114369501466276
2010-06-29,10.47,8.07,10.47,8.07,111244,0.29739776951672864
2010-06-30,9.04,10.47,10.47,9.04,156031,0.13658070678127998
2010-07-01,11.58,9.04,11.58,9.04,131792,0.28097345132743373
2010-07-02,10.25,11.58,11.58,10.25,169200,0.114853195164076
2010-07-03,10.46,10.25,10.46,10.25,187196,0.020487804878048865
2010-07-04,10.73,10.46,10.73,10.46,119614,0.025812619502868027
2010-07-05,11.0,10.73,11.0,10.73,142315,0.02516309412861133
2010-07-06,8.28,11.0,11.0,8.28,107534,0.24727272727272734
2010-07-07,8.49,8.28,8.49,8.28,166543,0.025362318840579816
2010-07-08,9.09,8.49,9.09,8.49,121771,0.07067137809187275
2010-07-09,9.24,9.09,9.24,9.09,187026,0.016501650165016542
2010-07-10,9.7,9.24,9.7,9.24,127150,0.04978354978354968
2010-07-11,10.47,9.7,10.47,9.7,184199,0.07938144329896922
2010-07-12,8.14,10.47,10.47,8.14,164861,0.22254059216809932
2010-07-13,10.81,8.14,10.81,8.14,107142,0.328009828009828
2010-07-14,9.82,10.81,10.81,9.82,180299,0.09158186864014803
2010-07-15,9.65,9.82,9.82,9.65,115562,0.017311608961303456
2010-07-16,8.49,9.65,9.65,8.49,157821,0.12020725388601038
2010-07-17,8.57,8.49,8.57,8.49,196333,0.009422850412249714
2010-07-18,10.62,8.57,10.62,8.57,100808,0.2392065344224036
2010-07-19,8.74,10.62,10.62,8.74,152852,0.1770244821092278
2010-07-20,10.05,8.74,10.05,8.74,177318,0.1498855835240275
2010-07-21,9.37,10.05,10.05,9.37,117095,0.0676616915422887
2010-07-22,11.27,9.37,11.27,9.37,196443,0.2027748132337247
2010-07-23,9.56,11.27,11.27,9.56,123372,0.15173025732031936
2010-07-24,10.16,9.56,10.16,9.56,139464,0.06276150627615058
2010-07-25,9.19,10.16,10.16,9.19,124245,0.09547244094488196
2010-07-26,9.83,9.19,9.83,9.19,191233,0.0696409140369968
2010-07-27,11.03,9.83,11.03,9.83,131229,0.12207527975584936
2010-07-28,9.8,11.03,11.03,9.8,101656,0.11151405258386207
2010-07-29,9.76,9.8,9.8,9.76,157618,0.0040816326530613185
2010-07-30,10.02,9.76,10.02,9.76,105226,0.02663934426229506
2010-07-31,10.42,10.02,10.42,10.02,157956,0.03992015968063876
2010-08-01,9.32,10.42,10.42,9.32,131174,0.10556621880998077
2010-08-02,9.21,9.32,9.32,9.21,180125,0.011802575107296076
2010-08-03,9.82,9.21,9.82,9.21,154830,0.0662323561346362
2010-08-04,9.27,9.82,9.82,9.27,135652,0.05600814663951127
2010-08-05,9.34,9.27,9.34,9.27,163938,0.00755124056094933
2010-08-06,11.07,9.34,11.07,9.34,112730,0.1852248394004283
2010-08-07,9.73,11.07,11.07,9.73,184305,0.1210478771454381
2010-08-08,9.78,9.73,9.78,9.73,168139,0.005138746145940281
2010-08-09,9.12,9.78,9.78,9.12,106852,0.06748466257668713
2010-08-10,10.7,9.12,10.7,9.12,129676,0.17324561403508773
2010-08-11,9.34,10.7,10.7,9.34,187163,0.1271028037383177
2010-08-12,10.36,9.34,10.36,9.34,147193,0.1092077087794432
2010-08-13,10.32,10.36,10.36,10.32,171061,0.003861003861003779
2010-08-14,10.25,10.32,10.32,10.25,171575,0.006782945736434136
2010-08-15,9.28,10.25,10.25,9.28,164100,0.09463414634146347
2010-08-16,10.11,9.28,10.11,9.28,181306,0.08943965517241381
2010-08-17,10.61,10.11,10.61,10.11,167221,0.04945598417408507
2010-08-18,9.66,10.61,10.61,9.66,176686,0.08953817153628646
2010-08-19,10.34,9.66,10.34,9.66,104290,0.0703933747412008
2010-08-20,9.83,10.34,10.34,9.83,131887,0.049323017408123775
2010-08-21,9.96,9.83,9.96,9.83,121119,0.013224821973550436
2010-08-22,9.76,9.96,9.96,9.76,129102,0.020080321285140666
2010-08-23,7.92,9.76,9.76,7.92,132660,0.1885245901639344
2010-08-24,9.47,7.92,9.47,7.92,106859,0.1957070707070708
2010-08-25,9.99,9.47,9.99,9.47,143040,0.05491024287222804
2010-08-26,10.8,9.99,10.8,9.99,139939,0.08108108108108113
2010-08-27,11.31,10.8,11.31,10.8,140987,0.0472222222222222
2010-08-28,10.27,11.31,11.31,10.27,106506,0.09195402298850583
2010-08-29,8.8,10.27,10.27,8.8,135188,0.14313534566699113
2010-08-30,10.1,8.8,10.1,8.8,116915,0.1477272727272726
2010-08-31,10.11,10.1,10.11,10.1,122947,0.000990099009900969
2010-09-01,9.46,10.11,10.11,9.46,138597,0.06429277942631045
2010-09-02,7.55,9.46,9.46,7.55,143545,0.20190274841437642
2010-09-03,10.44,7.55,10.44,7.55,102719,0.38278145695364235
2010-09-04,10.22,10.44,10.44,10.22,145223,0.021072796934865794
2010-09-05,10.33,10.22,10.33,10.22,101743,0.010763209393346324
2010-09-06,8.22,10.33,10.33,8.22,189157,0.20425943852855755
2010-09-07,11.43,8.22,11.43,8.22,122761,0.39051094890510935
2010-09-08,11.63,11.43,11.63,11.43,141838,0.01749781277340342
2010-09-09,9.41,11.63,11.63,9.41,198466,0.1908856405846948
2010-09-10,12.1,9.41,12.1,9.41,159074,0.28586609989373
2010-09-11,9.94,12.1,12.1,9.94,145202,0.1785123966942149
2010-09-12,10.81,9.94,10.81,9.94,100444,0.0875251509054327
2010-09-13,10.32,10.81,10.81,10.32,188257,0.04532839962997227
2010-09-14,9.77,10.32,10.32,9.77,131495,0.05329457364341092
2010-09-15,10.07,9.77,10.07,9.77,108586,0.03070624360286599
2010-09-16,10.12,10.07,10.12,10.07,146896,0.004965243296921443
2010-09-17,8.86,10.12,10.12,8.86,175046,0.12450592885375493
2010-09-18,11.65,8.86,11.65,8.86,161253,0.31489841986455996
2010-09-19,10.84,11.65,11.65,10.84,112913,0.06952789699570819
2010-09-20,10.69,10.84,10.84,10.69,167281,0.013837638376383797
2010-09-21,10.14,10.69,10.69,10.14,126387,0.05144995322731515
2010-09-22,9.97,10.14,10.14,9.97,102688,0.01676528599605522
2010-09-23,8.12,9.97,9.97,8.12,187106,0.18555667001003023
2010-09-24,9.93,8.12,9.93,8.12,170355,0.2229064039408868
2010-09-25,9.06,9.93,9.93,9.06,108317,0.08761329305135944
2010-09-26,10.28,9.06,10.28,9.06,165916,0.13465783664459147
2010-09-27,11.09,10.28,11.09,10.28,123074,0.0787937743190662
2010-09-28,10.93,11.09,11.09,10.93,176445,0.014427412082957633
2010-09-29,10.2,10.93,10.93,10.2,188686,0.06678865507776766
2010-09-30,9.45,10.2,10.2,9.45,184772,0.07352941176470588
2010-10-01,8.38,9.45,9.45,8.38,198449,0.11322751322751308
2010-10-02,9.61,8.38,9.61,8.38,189242,0.14677804295942704
2010-10-03,9.21,9.61,9.61,9.21,112595,0.041623309053069574
2010-10-04,10.53,9.21,10.53,9.21,114184,0.1433224755700324
2010-10-05,8.44,10.53,10.53,8.44,183702,0.19848053181386516
2010-10-06,10.03,8.44,10.03,8.44,102811,0.18838862559241706
2010-10-07,10.68,10.03,10.68,10.03,192804,0.0648055832502493
2010-10-08,9.01,10.68,10.68,9.01,149408,0.15636704119850187
2010-10-09,10.03,9.01,10.03,9.01,122530,0.11320754716981128
2010-10-10,9.92,10.03,10.03,9.92,116939,0.010967098703888279
2010-10-11,7.34,9.92,9.92,7.34,119360,0.2600806451612903
2010-10-12,9.71,7.34,9.71,7.34,131763,0.32288828337874675
2010-10-13,8.53,9.71,9.71,8.53,110390,0.12152420185375916
2010-10-14,10.95,8.53,10.95,8.53,186365,0.283704572098476
2010-10-15,11.55,10.95,11.55,10.95,134915,0.05479452054794534
2010-10-16,9.45,11.55,11.55,9.45,114935,0.18181818181818193
2010-10-17,8.34,9.45,9.45,8.34,176281,0.1174603174603174
2010-10-18,10.51,8.34,10.51,8.34,184711,0.26019184652278177
2010-10-19,8.84,10.51,10.51,8.84,110717,0.1588962892483349
2010-10-20,8.97,8.84,8.97,8.84,101943,0.014705882352941265
2010-10-21,10.99,8.97,10.99,8.97,130208,0.22519509476031208
2010-10-22,9.92,10.99,10.99,9.92,104907,0.09736123748862605
2010-10-23,9.92,9.92,9.92,9.92,123999,0.0
2010-10-24,10.59,9.92,10.59,9.92,191505,0.06754032258064516
2010-10-25,11.09,10.59,11.09,10.59,135161,0.047214353163361665
2010-10-26,9.42,11.09,11.09,9.42,181520,0.15058611361587015
2010-10-27,10.4,9.42,10.4,9.42,133181,0.10403397027600854
2010-10-28,9.0,10.4,10.4,9.0,168584,0.13461538461538464
2010-10-29,10.18,9.0,10.18,9.0,168520,0.13111111111111107
2010-10-30,9.41,10.18,10.18,9.41,120622,0.07563850687622786
2010-10-31,9.17,9.41,9.41,9.17,178762,0.02550478214665252
2010-11-01,12.26,9.17,12.26,9.17,127301,0.33696837513631406
2010-11-02,11.0,12.26,12.26,11.0,110285,0.1027732463295269
2010-11-03,10.01,11.0,11.0,10.01,137960,0.09000000000000002
2010-11-04,9.68,10.01,10.01,9.68,147723,0.032967032967032975
2010-11-05,10.25,9.68,10.25,9.68,166944,0.05888429752066119
2010-11-06,8.24,10.25,10.25,8.24,161951,0.19609756097560974
2010-11-07,10.95,8.24,10.95,8.24,144302,0.3288834951456309
2010-11-08,10.16,10.95,10.95,10.16,190169,0.07214611872146111
2010-11-09,9.78,10.16,10.16,9.78,162622,0.037401574803149686
2010-11-10,11.29,9.78,11.29,9.78,100965,0.1543967280163599
2010-11-11,10.51,11.29,11.29,10.51,134958,0.06908768821966337
2010-11-12,10.11,10.51,10.51,10.11,100597,0.03805899143672696
2010-11-13,9.66,10.11,10.11,9.66,125587,0.04451038575667649
2010-11-14,9.84,9.66,9.84,9.66,191251,0.018633540372670777
2010-11-15,11.0,9.84,11.0,9.84,109224,0.11788617886178863
2010-11-16,9.67,11.0,11.0,9.67,120254,0.12090909090909091
2010-11-17,11.5,9.67,11.5,9.67,146110,0.1892450879007239
2010-11-18,10.58,11.5,11.5,10.58,136229,0.07999999999999999
2010-11-19,9.14,10.58,10.58,9.14,138112,0.1361058601134215
2010-11-20,8.56,9.14,9.14,8.56,112536,0.06345733041575492
2010-11-21,8.01,8.56,8.56,8.01,164239,0.06425233644859821
2010-11-22,10.89,8.01,10.89,8.01,113870,0.3595505617977529
2010-11-23,10.44,10.89,10.89,10.44,167031,0.041322314049586875
2010-11-24,11.29,10.44,11.29,10.44,129157,0.08141762452107276
2010-11-25,9.67,11.29,11.29,9.67,154405,0.1434898139946855
2010-11-26,9.69,9.67,9.69,9.67,143899,0.0020682523267838235
2010-11-27,10.52,9.69,10.52,9.69,122593,0.08565531475748195
2010-11-28,9.58,10.52,10.52,9.58,122578,0.08935361216730034
2010-11-29,9.37,9.58,9.58,9.37,171410,0.021920668058455203
2010-11-30,10.79,9.37,10.79,9.37,145624,0.15154749199573106
2010-12-01,9.9,10.79,10.79,9.9,192461,0.0824837812789619
2010-12-02,10.44,9.9,10.44,9.9,171208,0.05454545454545446
2010-12-03,9.99,10.44,10.44,9.99,131010,0.043103448275862
2010-12-04,9.49,9.99,9.99,9.49,127298,0.050050050050050046
2010-12-05,9.64,9.49,9.64,9.49,130586,0.01580611169652269
2010-12-06,9.15,9.64,9.64,9.15,194580,0.05082987551867222
2010-12-07,8.76,9.15,9.15,8.76,189305,0.04262295081967219
2010-12-08,8.92,8.76,8.92,8.76,141495,0.018264840182648418
2010-12-09,9.4,8.92,9.4,8.92,175679,0.05381165919282516
2010-12-10,8.11,9.4,9.4,8.11,133952,0.13723404255319158
2010-12-11,8.99,8.11,8.99,8.11,105929,0.10850801479654758
2010-12-12,8.48,8.99,8.99,8.48,131435,0.05672969966629586
2010-12-13,9.86,8.48,9.86,8.48,143710,0.16273584905660365
2010-12-14,9.75,9.86,9.86,9.75,182353,0.011156186612576008
2010-12-15,9.67,9.75,9.75,9.67,109549,0.008205128205128212
2010-12-16,9.35,9.67,9.67,9.35,131280,0.03309203722854191
2010-12-17,11.27,9.35,11.27,9.35,153959,0.2053475935828877
2010-12-18,10.9,11.27,11.27,10.9,170838,0.03283052351375326
2010-12-19,9.15,10.9,10.9,9.15,117587,0.1605504587155963
2010-12-20,11.31,9.15,11.31,9.15,175375,0.2360655737704918
2010-12-21,10.05,11.31,11.31,10.05,180178,0.11140583554376655
2010-12-22,10.53,10.05,10.53,10.05,114607,0.04776119402985061
2010-12-23,9.16,10.53,10.53,9.16,127404,0.1301044634377967
2010-12-24,9.69,9.16,9.69,9.16,119218,0.05786026200873355
2010-12-25,10.93,9.69,10.93,9.69,109620,0.1279669762641899
2010-12-26,11.67,10.93,11.67,10.93,135768,0.06770356816102473
2010-12-27,10.02,11.67,11.67,10.02,138317,0.14138817480719798
2010-12-28,12.76,10.02,12.76,10.02,103437,0.27345309381237526
2010-12-29,10.12,12.76,12.76,10.12,128607,0.20689655172413798
2010-12-30,8.37,10.12,10.12,8.37,144074,0.17292490118577075
2010-12-31,10.14,8.37,10.14,8.37,108301,0.2114695340501794
2011-01-01,9.06,10.14,10.14,9.06,166095,0.10650887573964497
2011-01-02,9.56,9.06,9.56,9.06,178867,0.05518763796909492
2011-01-03,11.54,9.56,11.54,9.56,113936,0.20711297071129692
2011-01-04,8.72,11.54,11.54,8.72,181266,0.24436741767764286
2011-01-05,7.31,8.72,8.72,7.31,179469,0.16169724770642213
2011-01-06,9.59,7.31,9.59,7.31,186633,0.31190150478796175
2011-01-07,8.87,9.59,9.59,8.87,159475,0.07507820646506784
2011-01-08,9.98,8.87,9.98,8.87,171497,0.12514092446448719
2011-01-09,11.5,9.98,11.5,9.98,197314,0.15230460921843683
2011-01-10,8.81,11.5,11.5,8.81,189324,0.23391304347826083
2011-01-11,9.85,8.81,9.85,8.81,154109,0.11804767309875132
2011-01-12,10.97,9.85,10.97,9.85,174955,0.11370558375634528
2011-01-13,8.81,10.97,10.97,8.81,123442,0.19690063810391978
2011-01-14,9.11,8.81,9.11,8.81,139398,0.034052213393870476
2011-01-15,10.4,9.11,10.4,9.11,188476,0.14160263446761812
2011-01-16,9.36,10.4,10.4,9.36,146381,0.10000000000000009
2011-01-17,9.79,9.36,9.79,9.36,191912,0.045940170940170916
2011-01-18,10.35,9.79,10.35,9.79,195711,0.05720122574055164
2011-01-19,8.95,10.35,10.35,8.95,165188,0.13526570048309183
2011-01-20,9.08,8.95,9.08,8.95,142036,0.014525139664804558
2011-01-21,9.27,9.08,9.27,9.08,161733,0.020925110132158534
2011-01-22,9.07,9.27,9.27,9.07,148284,0.021574973031283636
2011-01-23,9.26,9.07,9.26,9.07,198174,0.02094818081587646
2011-01-24,9.79,9.26,9.79,9.26,179053,0.05723542116630663
2011-01-25,10.31,9.79,10.31,9.79,160485,0.0531154239019409
2011-01-26,11.74,10.31,11.74,10.31,199376,0.13870029097963138
2011-01-27,9.36,11.74,11.74,9.36,103716,0.202725724020443
2011-01-28,9.75,9.36,9.75,9.36,166843,0.04166666666666673
2011-01-29,10.14,9.75,10.14,9.75,109430,0.040000000000000056
2011-01-30,10.4,10.14,10.4,10.14,175091,0.02564102564102562
2011-01-31,10.22,10.4,10.4,10.22,184209,0.01730769230769228
2011-02-01,10.55,10.22,10.55,10.22,153400,0.032289628180039144
2011-02-02,10.19,10.55,10.55,10.19,105405,0.034123222748815275
2011-02-03,11.45,10.19,11.45,10.19,175262,0.12365063788027476
2011-02-04,10.33,11.45,11.45,10.33,166797,0.09781659388646281
2011-02-05,10.38,10.33,10.38,10.33,154567,0.004840271055179159
2011-02-06,9.75,10.38,10.38,9.75,100041,0.060693641618497184
2011-02-07,10.8,9.75,10.8,9.75,140466,0.10769230769230777
2011-02-08,10.72,10.8,10.8,10.72,127230,0.007407407407407414
2011-02-09,10.71,10.72,10.72,10.71,146218,0.0009328358208955024
2011-02-10,11.02,10.71,11.02,10.71,125056,0.028944911297852354
2011-02-11,10.64,11.02,11.02,10.64,161675,0.034482758620689564
2011-02-12,10.5,10.64,10.64,10.5,140141,0.013157894736842158
2011-02-13,10.61,10.5,10.61,10.5,156443,0.010476190476190422
2011-02-14,9.55,10.61,10.61,9.55,124887,0.09990574929311959
2011-02-15,9.91,9.55,9.91,9.55,115882,0.03769633507853397
2011-02-16,8.85,9.91,9.91,8.85,182689,0.1069626639757821
2011-02-17,9.38,8.85,9.38,8.85,126921,0.05988700564971765
2011-02-18,9.72,9.38,9.72,9.38,181596,0.036247334754797425
2011-02-19,9.24,9.72,9.72,9.24,191553,0.049382716049382755
2011-02-20,8.47,9.24,9.24,8.47,127473,0.08333333333333329
2011-02-21,11.71,8.47,11.71,8.47,186409,0.38252656434474613
2011-02-22,10.49,11.71,11.71,10.49,155334,0.10418445772843728
2011-02-23,9.97,10.49,10.49,9.97,129845,0.049571020019065735
2011-02-24,11.64,9.97,11.64,9.97,140446,0.16750250752256768
2011-02-25,9.84,11.64,11.64,9.84,174832,0.15463917525773202
2011-02-26,10.59,9.84,10.59,9.84,195153,0.07621951219512195
2011-02-27,10.99,10.59,10.99,10.59,157105,0.03777148253068936
2011-02-28,9.31,10.99,10.99,9.31,134909,0.15286624203821653
2011-03-01,10.18,9.31,10.18,9.31,167997,0.09344790547798058
2011-03-02,11.08,10.18,11.08,10.18,189233,0.08840864440078589
2011-03-03,8.12,11.08,11.08,8.12,129305,0.2671480144404333
2011-03-04,9.33,8.12,9.33,8.12,196834,0.14901477832512328
2011-03-05,9.67,9.33,9.67,9.33,178014,0.036441586280814564
2011-03-06,9.45,9.67,9.67,9.45,167136,0.02275077559462261
2011-03-07,9.12,9.45,9.45,9.12,162868,0.03492063492063493
2011-03-08,9.51,9.12,9.51,9.12,127786,0.042763157894736906
2011-03-09,10.21,9.51,10.21,9.51,139182,0.07360672975814943
2011-03-10,10.03,10.21,10.21,10.03,190103,0.017629774730656363
2011-03-11,10.65,10.03,10.65,10.03,126449,0.06181455633100708
2011-03-12,10.65,10.65,10.65,10.65,116158,0.0
2011-03-13,9.05,10.65,10.65,9.05,120203,0.1502347417840375
2011-03-14,10.38,9.05,10.38,9.05,123623,0.14696132596685083
2011-03-15,9.72,10.38,10.38,9.72,167437,0.06358381502890174
2011-03-16,9.63,9.72,9.72,9.63,194590,0.009259259259259245
2011-03-17,8.19,9.63,9.63,8.19,146582,0.14953271028037396
2011-03-18,10.42,8.19,10.42,8.19,161267,0.27228327228327237
2011-03-19,9.26,10.42,10.42,9.26,141701,0.11132437619961613
2011-03-20,11.2,9.26,11.2,9.26,191142,0.2095032397408207
2011-03-21,10.72,11.2,11.2,10.72,147924,0.04285714285714274
2011-03-22,9.45,10.72,10.72,9.45,147225,0.11847014925373146
2011-03-23,11.71,9.45,11.71,9.45,169779,0.23915343915343934
2011-03-24,10.53,11.71,11.71,10.53,174307,0.10076857386848859
2011-03-25,10.32,10.53,10.53,10.32,184964,0.019943019943019856
2011-03-26,8.88,10.32,10.32,8.88,143558,0.13953488372093018
2011-03-27,12.11,8.88,12.11,8.88,172749,0.3637387387387386
2011-03-28,12.91,12.11,12.91,12.11,191202,0.06606110652353434
2011-03-29,8.78,12.91,12.91,8.78,146772,0.31990704879938037
2011-03-30,9.54,8.78,9.54,8.78,111290,0.08656036446469247
2011-03-31,10.19,9.54,10.19,9.54,128769,0.06813417190775686
2011-04-01,10.68,10.19,10.68,10.19,110638,0.04808635917566244
2011-04-02,10.33,10.68,10.68,10.33,161939,0.032771535580524314
2011-04-03,9.91,10.33,10.33,9.91,143931,0.04065827686350435
2011-04-04,9.23,9.91,9.91,9.23,101717,0.06861755802219976
2011-04-05,8.78,9.23,9.23,8.78,191895,0.04875406283856999
2011-04-06,9.84,8.78,9.84,8.78,145198,0.12072892938496589
2011-04-07,10.5,9.84,10.5,9.84,132791,0.06707317073170734
2011-04-08,10.44,10.5,10.5,10.44,119768,0.005714285714285762
2011-04-09,11.05,10.44,11.05,10.44,155383,0.05842911877394648
2011-04-10,9.83,11.05,11.05,9.83,146099,0.11040723981900458
2011-04-11,10.28,9.83,10.28,9.83,123279,0.04577822990844347
2011-04-12,11.56,10.28,11.56,10.28,150726,0.12451361867704291
2011-04-13,10.58,11.56,11.56,10.58,196858,0.08477508650519035
2011-04-14,10.01,10.58,10.58,10.01,117702,0.05387523629489606
2011-04-15,11.47,10.01,11.47,10.01,169766,0.14585414585414594
2011-04-16,9.56,11.47,11.47,9.56,110929,0.16652136006974716
2011-04-17,10.3,9.56,10.3,9.56,106732,0.0774058577405858
2011-04-18,9.94,10.3,10.3,9.94,163180,0.034951456310679724
2011-04-19,9.86,9.94,9.94,9.86,154842,0.008048289738430591
2011-04-20,8.66,9.86,9.86,8.66,102759,0.12170385395537518
2011-04-21,10.31,8.66,10.31,8.66,166552,0.19053117782909934
2011-04-22,9.59,10.31,10.31,9.59,193380,0.0698351115421921
2011-04-23,10.08,9.59,10.08,9.59,178807,0.051094890510948926
2011-04-24,8.98,10.08,10.08,8.98,176380,0.10912698412698409
2011-04-25,10.45,8.98,10.45,8.98,123321,0.16369710467706
2011-04-26,11.32,10.45,11.32,10.45,176218,0.08325358851674651
2011-04-27,11.25,11.32,11.32,11.25,189900,0.006183745583038894
2011-04-28,9.46,11.25,11.25,9.46,167535,0.15911111111111104
2011-04-29,11.18,9.46,11.18,9.46,167126,0.18181818181818168
2011-04-30,11.15,11.18,11.18,11.15,189351,0.0026833631484793705
2011-05-01,11.02,11.15,11.15,11.02,125465,0.011659192825112177
2011-05-02,10.37,11.02,11.02,10.37,118425,0.058983666061706026
2011-05-03,10.01,10.37,10.37,10.01,190069,0.03471552555448404
2011-05-04,10.35,10.01,10.35,10.01,188433,0.033966033966033954
2011-05-05,11.27,10.35,11.27,10.35,157270,0.08888888888888888
2011-05-06,10.45,11.27,11.27,10.45,116951,0.07275953859804794
2011-05-07,10.16,10.45,10.45,10.16,166590,0.027751196172248725
2011-05-08,10.42,10.16,10.42,10.16,171729,0.02559055118110234
2011-05-09,10.94,10.42,10.94,10.42,137162,0.04990403071017271
2011-05-10,8.69,10.94,10.94,8.69,166704,0.2056672760511883
2011-05-11,10.36,8.69,10.36,8.69,166483,0.19217491369390105
2011-05-12,10.99,10.36,10.99,10.36,147346,0.06081081081081089
2011-05-13,10.29,10.99,10.99,10.29,154302,0.06369426751592366
2011-05-14,10.0,10.29,10.29,10.0,163570,0.028182701652089328
2011-05-15,11.39,10.0,11.39,10.0,113821,0.13900000000000007
2011-05-16,10.29,11.39,11.39,10.29,195465,0.09657594381036008
2011-05-17,10.88,10.29,10.88,10.29,160616,0.05733722060252689
2011-05-18,10.82,10.88,10.88,10.82,151049,0.005514705882352987
2011-05-19,8.47,10.82,10.82,8.47,189411,0.21719038817005543
2011-05-20,9.48,8.47,9.48,8.47,119579,0.11924439197166467
2011-05-21,9.69,9.48,9.69,9.48,180092,0.022151898734177118
2011-05-22,9.38,9.69,9.69,9.38,175301,0.031991744066047344
2011-05-23,9.55,9.38,9.55,9.38,185500,0.018123667377398713
2011-05-24,11.54,9.55,11.54,9.55,156233,0.20837696335078515
2011-05-25,11.48,11.54,11.54,11.48,196993,0.005199306759098676
2011-05-26,9.82,11.48,11.48,9.82,117352,0.1445993031358885
2011-05-27,9.28,9.82,9.82,9.28,194893,0.054989816700611094
2011-05-28,10.72,9.28,10.72,9.28,125251,0.1551724137931036
2011-05-29,8.89,10.72,10.72,8.89,103955,0.1707089552238806
2011-05-30,9.44,8.89,9.44,8.89,155725,0.061867266591675914
2011-05-31,9.34,9.44,9.44,9.34,118925,0.010593220338983014
2011-06-01,8.8,9.34,9.34,8.8,198015,0.057815845824411044
2011-06-02,11.47,8.8,11.47,8.8,109261,0.30340909090909085
2011-06-03,10.01,11.47,11.47,10.01,134581,0.1272885789014822
2011-06-04,9.96,10.01,10.01,9.96,186799,0.004995004995004888
2011-06-05,8.82,9.96,9.96,8.82,156267,0.11445783132530125
2011-06-06,10.5,8.82,10.5,8.82,179260,0.19047619047619044
2011-06-07,11.19,10.5,11.19,10.5,137762,0.06571428571428567
2011-06-08,10.22,11.19,11.19,10.22,198711,0.08668453976764959
2011-06-09,11.46,10.22,11.46,10.22,195516,0.1213307240704501
2011-06-10,9.49,11.46,11.46,9.49,189986,0.17190226876090756
2011-06-11,11.01,9.49,11.01,9.49,149153,0.16016859852476287
2011-06-12,7.62,11.01,11.01,7.62,139760,0.3079019073569482
2011-06-13,8.58,7.62,8.58,7.62,171973,0.12598425196850394
2011-06-14,10.72,8.58,10.72,8.58,120378,0.2494172494172495
2011-06-15,9.9,10.72,10.72,9.9,190936,0.07649253731343286
2011-06-16,9.37,9.9,9.9,9.37,112627,0.05353535353535365
2011-06-17,8.98,9.37,9.37,8.98,174625,0.04162219850586967
2011-06-18,11.17,8.98,11.17,8.98,168541,0.24387527839643647
2011-06-19,8.75,11.17,11.17,8.75,176786,0.21665174574753804
2011-06-20,10.43,8.75,10.43,8.75,138889,0.19199999999999998
2011-06-21,8.83,10.43,10.43,8.83,143376,0.1534036433365292
2011-06-22,11.25,8.83,11.25,8.83,197333,0.2740656851642129
2011-06-23,8.97,11.25,11.25,8.97,152239,0.2026666666666666
2011-06-24,9.34,8.97,9.34,8.97,144294,0.04124860646599768
2011-06-25,9.77,9.34,9.77,9.34,106236,0.04603854389721625
2011-06-26,9.51,9.77,9.77,9.51,180746,0.02661207778915044
2011-06-27,9.25,9.51,9.51,9.25,108485,0.027339642481598297
2011-06-28,10.37,9.25,10.37,9.25,198142,0.121081081081081
2011-06-29,10.94,10.37,10.94,10.37,196547,0.05496624879459984
2011-06-30,11.62,10.94,11.62,10.94,119813,0.06215722120658133
2011-07-01,9.14,11.62,11.62,9.14,129046,0.21342512908777958
2011-07-02,10.83,9.14,10.83,9.14,195768,0.18490153172866514
2011-07-03,9.71,10.83,10.83,9.71,199340,0.10341643582640805
2011-07-04,9.86,9.71,9.86,9.71,122269,0.015447991761070912
2011-07-05,9.67,9.86,9.86,9.67,129855,0.0192697768762677
2011-07-06,10.91,9.67,10.91,9.67,126863,0.12823164426059983
2011-07-07,10.34,10.91,10.91,10.34,181703,0.052245646196150346
2011-07-08,9.72,10.34,10.34,9.72,106158,0.05996131528046414
2011-07-09,9.59,9.72,9.72,9.59,196343,0.013374485596707899
2011-07-10,10.17,9.59,10.17,9.59,127743,0.06047966631908239
2011-07-11,10.26,10.17,10.26,10.17,123942,0.00884955752212388
2011-07-12,10.83,10.26,10.83,10.26,169670,0.05555555555555559
2011-07-13,10.87,10.83,10.87,10.83,126164,0.0036934441366573544
2011-07-14,8.38,10.87,10.87,8.38,162417,0.22907083716651322
2011-07-15,11.01,8.38,11.01,8.38,179772,0.3138424821002385
2011-07-16,12.22,11.01,12.22,11.01,148654,0.10990009082652143
2011-07-17,9.3,12.22,12.22,9.3,172013,0.23895253682487724
2011-07-18,10.47,9.3,10.47,9.3,153308,0.12580645161290321
2011-07-19,9.3,10.47,10.47,9.3,165871,0.11174785100286531
2011-07-20,9.12,9.3,9.3,9.12,135008,0.01935483870967758
2011-07-21,11.61,9.12,11.61,9.12,193293,0.27302631578947373
2011-07-22,10.0,11.61,11.61,10.0,108891,0.1386735572782084
2011-07-23,11.58,10.0,11.58,10.0,117453,0.158
2011-07-24,9.78,11.58,11.58,9.78,183044,0.15544041450777207
2011-07-25,9.11,9.78,9.78,9.11,142416,0.06850715746421268
2011-07-26,9.22,9.11,9.22,9.11,145415,0.012074643249176863
2011-07-27,12.38,9.22,12.38,9.22,147028,0.34273318872017355
2011-07-28,9.59,12.38,12.38,9.59,151106,0.2253634894991923
2011-07-29,10.03,9.59,10.03,9.59,164805,0.04588112617309693
2011-07-30,10.31,10.03,10.31,10.03,188441,0.02791625124626133
2011-07-31,8.77,10.31,10.31,8.77,153807,0.14936954413191084
2011-08-01,7.36,8.77,8.77,7.36,166443,0.16077537058152785
2011-08-02,8.78,7.36,8.78,7.36,158926,0.1929347826086955
2011-08-03,12.14,8.78,12.14,8.78,133609,0.3826879271070617
2011-08-04,10.33,12.14,12.14,10.33,199353,0.14909390444810547
2011-08-05,10.56,10.33,10.56,10.33,151721,0.022265246853823854
2011-08-06,9.78,10.56,10.56,9.78,168874,0.07386363636363646
2011-08-07,9.52,9.78,9.78,9.52,118245,0.0265848670756646
2011-08-08,9.51,9.52,9.52,9.51,115136,0.0010504201680672045
2011-08-09,10.52,9.51,10.52,9.51,165674,0.10620399579390113
2011-08-10,9.95,10.52,10.52,9.95,177270,0.05418250950570345
2011-08-11,11.35,9.95,11.35,9.95,164180,0.14070351758793975
2011-08-12,9.1,11.35,11.35,9.1,110835,0.19823788546255508
2011-08-13,12.04,9.1,12.04,9.1,107238,0.32307692307692304
2011-08-14,10.69,12.04,12.04,10.69,142151,0.11212624584717606
2011-08-15,10.4,10.69,10.69,10.4,110851,0.02712815715622069
2011-08-16,11.04,10.4,11.04,10.4,165832,0.06153846153846142
2011-08-17,10.6,11.04,11.04,10.6,164731,0.03985507246376807
2011-08-18,9.49,10.6,10.6,9.49,178015,0.10471698113207542
2011-08-19,9.56,9.49,9.56,9.49,162038,0.007376185458377269
2011-08-20,10.67,9.56,10.67,9.56,123477,0.11610878661087859
2011-08-21,8.74,10.67,10.67,8.74,143836,0.18088097469540765
2011-08-22,8.81,8.74,8.81,8.74,176999,0.008009153318077835
2011-08-23,8.86,8.81,8.86,8.81,135960,0.005675368898978312
2011-08-24,8.88,8.86,8.88,8.86,123089,0.0022573363431152766
2011-08-25,9.18,8.88,9.18,8.88,194996,0.03378378378378366
2011-08-26,8.76,9.18,9.18,8.76,174909,0.0457516339869281
2011-08-27,6.91,8.76,8.76,6.91,169363,0.21118721461187212
2011-08-28,11.27,6.91,11.27,6.91,151938,0.6309696092619391
2011-08-29,10.88,11.27,11.27,10.88,174003,0.03460514640638854
2011-08-30,10.12,10.88,10.88,10.12,176364,0.06985294117647073
2011-08-31,11.25,10.12,11.25,10.12,169067,0.11166007905138349
2011-09-01,9.57,11.25,11.25,9.57,141444,0.14933333333333332
2011-09-02,9.49,9.57,9.57,9.49,126590,0.008359456635318712
2011-09-03,9.17,9.49,9.49,9.17,162960,0.0337197049525817
2011-09-04,9.33,9.17,9.33,9.17,147082,0.01744820065430754
2011-09-05,10.84,9.33,10.84,9.33,110433,0.16184351554126472
2011-09-06,9.54,10.84,10.84,9.54,136694,0.11992619926199269
2011-09-07,9.22,9.54,9.54,9.22,185687,0.0335429769392032
2011-09-08,7.97,9.22,9.22,7.97,153257,0.13557483731019532
2011-09-09,10.23,7.97,10.23,7.97,162955,0.2835633626097868
2011-09-10,9.36,10.23,10.23,9.36,150606,0.08504398826979481
2011-09-11,10.51,9.36,10.51,9.36,104670,0.12286324786324791
2011-09-12,9.06,10.51,10.51,9.06,126669,0.13796384395813505
2011-09-13,10.58,9.06,10.58,9.06,197796,0.1677704194260485
2011-09-14,11.62,10.58,11.62,10.58,143400,0.09829867674858216
2011-09-15,11.61,11.62,11.62,11.61,186430,0.0008605851979345772
2011-09-16,8.32,11.61,11.61,8.32,197075,0.28337639965546935
2011-09-17,9.86,8.32,9.86,8.32,183538,0.18509615384615374
2011-09-18,9.16,9.86,9.86,9.16,196469,0.07099391480730216
2011-09-19,10.39,9.16,10.39,9.16,172603,0.1342794759825328
2011-09-20,8.29,10.39,10.39,8.29,145141,0.20211742059672774
2011-09-21,9.09,8.29,9.09,8.29,153856,0.09650180940892651
2011-09-22,10.6,9.09,10.6,9.09,175157,0.1661166116611661
2011-09-23,9.78,10.6,10.6,9.78,140905,0.07735849056603776
2011-09-24,8.69,9.78,9.78,8.69,159099,0.11145194274028629
2011-09-25,11.35,8.69,11.35,8.69,182538,0.30609896432681244
2011-09-26,10.72,11.35,11.35,10.72,197598,0.05550660792951533
2011-09-27,9.99,10.72,10.72,9.99,172805,0.06809701492537316
2011-09-28,10.64,9.99,10.64,9.99,154344,0.0650650650650651
2011-09-29,11.05,10.64,11.05,10.64,147973,0.03853383458646618
2011-09-30,10.68,11.05,11.05,10.68,139165,0.03348416289592769
2011-10-01,8.92,10.68,10.68,8.92,181845,0.1647940074906367
2011-10-02,12.22,8.92,12.22,8.92,150389,0.3699551569506727
2011-10-03,10.29,12.22,12.22,10.29,126929,0.1579378068739772
2011-10-04,10.48,10.29,10.48,10.29,115979,0.01846452866861043
2011-10-05,9.6,10.48,10.48,9.6,168171,0.08396946564885503
2011-10-06,11.34,9.6,11.34,9.6,181917,0.18125000000000002
2011-10-07,8.85,11.34,11.34,8.85,157188,0.2195767195767196
2011-10-08,10.97,8.85,10.97,8.85,127323,0.23954802259887018
2011-10-09,11.32,10.97,11.32,10.97,169812,0.03190519598906104
2011-10-10,10.44,11.32,11.32,10.44,198888,0.07773851590106014
2011-10-11,8.89,10.44,10.44,8.89,108575,0.14846743295019146
2011-10-12,11.72,8.89,11.72,8.89,100066,0.31833520809898763
2011-10-13,9.18,11.72,11.72,9.18,145440,0.21672354948805467
2011-10-14,11.36,9.18,11.36,9.18,165636,0.23747276688453156
2011-10-15,11.96,11.36,11.96,11.36,143075,0.052816901408450835
2011-10-16,10.44,11.96,11.96,10.44,108032,0.1270903010033446
2011-10-17,11.32,10.44,11.32,10.44,163582,0.08429118773946367
2011-10-18,10.71,11.32,11.32,10.71,160868,0.05388692579505295
2011-10-19,10.38,10.71,10.71,10.38,109333,0.030812324929971994
2011-10-20,11.13,10.38,11.13,10.38,110566,0.0722543352601156
2011-10-21,10.73,11.13,11.13,10.73,132953,0.035938903863432195
2011-10-22,9.97,10.73,10.73,9.97,175814,0.07082945013979494
2011-10-23,8.5,9.97,9.97,8.5,100580,0.1474423269809429
2011-10-24,10.24,8.5,10.24,8.5,143683,0.2047058823529412
2011-10-25,11.06,10.24,11.06,10.24,175016,0.08007812500000003
2011-10-26,9.15,11.06,11.06,9.15,123430,0.17269439421338156
2011-10-27,10.05,9.15,10.05,9.15,194120,0.09836065573770496
2011-10-28,10.28,10.05,10.28,10.05,111376,0.022885572139303346
2011-10-29,9.52,10.28,10.28,9.52,103824,0.07392996108949415
2011-10-30,8.05,9.52,9.52,8.05,109381,0.15441176470588225
2011-10-31,9.84,8.05,9.84,8.05,189665,0.22236024844720484
2011-11-01,11.11,9.84,11.11,9.84,156025,0.12906504065040647
2011-11-02,9.2,11.11,11.11,9.2,132190,0.17191719171917194
2011-11-03,9.85,9.2,9.85,9.2,172004,0.07065217391304353
2011-11-04,8.44,9.85,9.85,8.44,149973,0.14314720812182744
2011-11-05,10.32,8.44,10.32,8.44,164052,0.22274881516587688
2011-11-06,9.72,10.32,10.32,9.72,184802,0.058139534883720895
2011-11-07,11.06,9.72,11.06,9.72,136830,0.13786008230452673
2011-11-08,9.91,11.06,11.06,9.91,114020,0.10397830018083186
2011-11-09,8.92,9.91,9.91,8.92,132291,0.09989909182643796
2011-11-10,10.66,8.92,10.66,8.92,104591,0.19506726457399107
2011-11-11,10.44,10.66,10.66,10.44,171646,0.020637898686679233
2011-11-12,10.14,10.44,10.44,10.14,140961,0.028735632183907945
2011-11-13,10.68,10.14,10.68,10.14,121344,0.053254437869822396
2011-11-14,10.54,10.68,10.68,10.54,153190,0.01310861423220979
2011-11-15,10.19,10.54,10.54,10.19,166180,0.03320683111954456
2011-11-16,10.35,10.19,10.35,10.19,112868,0.01570166830225713
2011-11-17,10.01,10.35,10.35,10.01,113691,0.03285024154589371
2011-11-18,11.63,10.01,11.63,10.01,194357,0.16183816183816194
2011-11-19,11.26,11.63,11.63,11.26,154869,0.031814273430782546
2011-11-20,9.61,11.26,11.26,9.61,187408,0.1465364120781528
2011-11-21,9.53,9.61,9.61,9.53,122617,0.008324661810613952
2011-11-22,7.52,9.53,9.53,7.52,135420,0.21091290661070303
2011-11-23,8.56,7.52,8.56,7.52,149453,0.13829787234042568
2011-11-24,10.71,8.56,10.71,8.56,135552,0.25116822429906543
2011-11-25,10.66,10.71,10.71,10.66,124410,0.004668534080298852
2011-11-26,11.19,10.66,11.19,10.66,121728,0.04971857410881795
2011-11-27,9.93,11.19,11.19,9.93,180116,0.11260053619302948
2011-11-28,9.55,9.93,9.93,9.55,132887,0.03826787512588107
2011-11-29,9.8,9.55,9.8,9.55,106324,0.026178010471204185
2011-11-30,8.81,9.8,9.8,8.81,154754,0.10102040816326532
2011-12-01,9.06,8.81,9.06,8.81,113609,0.028376844494892167
2011-12-02,10.17,9.06,10.17,9.06,105349,0.12251655629139066
2011-12-03,10.04,10.17,10.17,10.04,109953,0.01278269419862348
2011-12-04,10.03,10.04,10.04,10.03,114229,0.000996015936254959
2011-12-05,9.34,10.03,10.03,9.34,193617,0.06879361914257223
2011-12-06,10.88,9.34,10.88,9.34,132485,0.16488222698072816
2011-12-07,10.12,10.88,10.88,10.12,129507,0.06985294117647073
2011-12-08,11.12,10.12,11.12,10.12,161463,0.09881422924901187
2011-12-09,8.9,11.12,11.12,8.9,151989,0.1996402877697841
2011-12-10,9.84,8.9,9.84,8.9,166563,0.10561797752808982
2011-12-11,9.57,9.84,9.84,9.57,105507,0.02743902439024386
2011-12-12,10.36,9.57,10.36,9.57,169477,0.08254963427377211
2011-12-13,9.36,10.36,10.36,9.36,141762,0.09652509652509653
2011-12-14,8.62,9.36,9.36,8.62,117243,0.07905982905982908
2011-12-15,11.23,8.62,11.23,8.62,137029,0.3027842227378192
2011-12-16,10.65,11.23,11.23,10.65,149378,0.05164737310774711
2011-12-17,11.02,10.65,11.02,10.65,153895,0.034741784037558614
2011-12-18,9.78,11.02,11.02,9.78,112776,0.11252268602540837
2011-12-19,11.58,9.78,11.58,9.78,160413,0.1840490797546013
2011-12-20,9.49,11.58,11.58,9.49,169241,0.18048359240069084
2011-12-21,8.95,9.49,9.49,8.95,135827,0.056902002107481656
2011-12-22,9.72,8.95,9.72,8.95,103507,0.08603351955307278
2011-12-23,10.02,9.72,10.02,9.72,163936,0.030864197530864085
2011-12-24,9.84,10.02,10.02,9.84,165884,0.017964071856287397
2011-12-25,8.95,9.84,9.84,8.95,190870,0.09044715447154478
2011-12-26,10.45,8.95,10.45,8.95,142108,0.1675977653631285
2011-12-27,9.02,10.45,10.45,9.02,115097,0.13684210526315788
2011-12-28,11.36,9.02,11.36,9.02,155210,0.25942350332594233
2011-12-29,10.64,11.36,11.36,10.64,169432,0.06338028169014075
2011-12-30,10.25,10.64,10.64,10.25,140400,0.03665413533834592
2011-12-31,10.44,10.25,10.44,10.25,106624,0.01853658536585361
2012-01-01,8.63,10.44,10.44,8.63,144641,0.17337164750957842
2012-01-02,10.43,8.63,10.43,8.63,122124,0.20857473928157574
2012-01-03,10.2,10.43,10.43,10.2,198977,0.02205177372962612
2012-01-04,9.76,10.2,10.2,9.76,127482,0.043137254901960735
2012-01-05,9.53,9.76,9.76,9.53,165453,0.023565573770491847
2012-01-06,12.45,9.53,12.45,9.53,148070,0.3064008394543547
2012-01-07,10.6,12.45,12.45,10.6,162371,0.14859437751004015
2012-01-08,9.69,10.6,10.6,9.69,111665,0.08584905660377361
2012-01-09,7.92,9.69,9.69,7.92,133380,0.18266253869969037
2012-01-10,9.83,7.92,9.83,7.92,132967,0.2411616161616162
2012-01-11,9.62,9.83,9.83,9.62,191613,0.02136317395727374
2012-01-12,11.7,9.62,11.7,9.62,148837,0.21621621621621623
2012-01-13,8.94,11.7,11.7,8.94,161381,0.2358974358974359
2012-01-14,10.16,8.94,10.16,8.94,120921,0.13646532438478756
2012-01-15,10.49,10.16,10.49,10.16,198914,0.032480314960629926
2012-01-16,10.92,10.49,10.92,10.49,164952,0.040991420400381284
2012-01-17,9.58,10.92,10.92,9.58,158259,0.1227106227106227
2012-01-18,10.19,9.58,10.19,9.58,163036,0.06367432150313146
2012-01-19,8.54,10.19,10.19,8.54,170273,0.16192345436702654
2012-01-20,10.47,8.54,10.47,8.54,179350,0.22599531615925078
2012-01-21,9.29,10.47,10.47,9.29,198585,0.11270296084049679
2012-01-22,9.58,9.29,9.58,9.29,109036,0.031216361679225077
2012-01-23,10.33,9.58,10.33,9.58,158246,0.07828810020876827
2012-01-24,9.43,10.33,10.33,9.43,115184,0.08712487899322366
2012-01-25,8.89,9.43,9.43,8.89,192511,0.05726405090137849
2012-01-26,10.58,8.89,10.58,8.89,145070,0.19010123734533177
2012-01-27,10.15,10.58,10.58,10.15,104537,0.04064272211720224
2012-01-28,10.77,10.15,10.77,10.15,136983,0.06108374384236445
2012-01-29,9.91,10.77,10.77,9.91,182073,0.07985143918291546
2012-01-30,10.0,9.91,10.0,9.91,163630,0.009081735620585252
2012-01-31,8.04,10.0,10.0,8.04,191898,0.1960000000000001
2012-02-01,9.21,8.04,9.21,8.04,110019,0.14552238805970172
2012-02-02,10.32,9.21,10.32,9.21,122322,0.12052117263843641
2012-02-03,11.89,10.32,11.89,10.32,127405,0.15213178294573645
2012-02-04,9.01,11.89,11.89,9.01,107226,0.2422203532380152
2012-02-05,12.46,9.01,12.46,9.01,175845,0.3829078801331855
2012-02-06,10.99,12.46,12.46,10.99,115398,0.11797752808988768
2012-02-07,10.99,10.99,10.99,10.99,175541,0.0
2012-02-08,8.9,10.99,10.99,8.9,109224,0.19017288444040034
2012-02-09,9.57,8.9,9.57,8.9,194493,0.07528089887640449
2012-02-10,8.97,9.57,9.57,8.97,190618,0.06269592476489025
2012-02-11,9.1,8.97,9.1,8.97,189256,0.014492753623188293
2012-02-12,11.0,9.1,11.0,9.1,157672,0.20879120879120883
2012-02-13,10.53,11.0,11.0,10.53,160485,0.04272727272727279
2012-02-14,8.03,10.53,10.53,8.03,114786,0.23741690408357077
2012-02-15,8.94,8.03,8.94,8.03,141487,0.11332503113325033
2012-02-16,9.82,8.94,9.82,8.94,117775,0.09843400447427303
2012-02-17,10.54,9.82,10.54,9.82,177238,0.07331975560081455
2012-02-18,9.19,10.54,10.54,9.19,116184,0.12808349146110054
2012-02-19,12.55,9.19,12.55,9.19,138041,0.365614798694233
2012-02-20,10.89,12.55,12.55,10.89,140766,0.13227091633466137
2012-02-21,10.7,10.89,10.89,10.7,168851,0.0174471992653812
2012-02-22,8.18,10.7,10.7,8.18,172103,0.23551401869158875
2012-02-23,10.94,8.18,10.94,8.18,185813,0.3374083129584352
2012-02-24,12.02,10.94,12.02,10.94,108544,0.0987202925045704
2012-02-25,10.35,12.02,12.02,10.35,107661,0.1389351081530782
2012-02-26,9.77,10.35,10.35,9.77,168292,0.05603864734299518
2012-02-27,11.85,9.77,11.85,9.77,119311,0.2128966223132037
2012-02-28,9.96,11.85,11.85,9.96,115464,0.15949367088607586
2012-02-29,10.38,9.96,10.38,9.96,151901,0.04216867469879517
2012-03-01,9.86,10.38,10.38,9.86,152578,0.05009633911368028
2012-03-02,9.41,9.86,9.86,9.41,115508,0.04563894523326565
2012-03-03,9.79,9.41,9.79,9.41,185501,0.04038257173219968
2012-03-04,10.03,9.79,10.03,9.79,194759,0.024514811031664988
2012-03-05,9.31,10.03,10.03,9.31,168583,0.07178464606181445
2012-03-06,9.99,9.31,9.99,9.31,124758,0.07303974221267451
2012-03-07,9.73,9.99,9.99,9.73,183045,0.026026026026026005
2012-03-08,9.5,9.73,9.73,9.5,150029,0.02363823227132584
2012-03-09,8.1,9.5,9.5,8.1,195554,0.14736842105263162
2012-03-10,10.27,8.1,10.27,8.1,182554,0.2679012345679012
2012-03-11,11.17,10.27,11.17,10.27,164976,0.08763388510223957
2012-03-12,10.51,11.17,11.17,10.51,148585,0.059086839749328574
2012-03-13,9.57,10.51,10.51,9.57,187347,0.08943862987630823
2012-03-14,10.56,9.57,10.56,9.57,173551,0.10344827586206898
2012-03-15,10.23,10.56,10.56,10.23,196443,0.03125000000000001
2012-03-16,9.26,10.23,10.23,9.26,160921,0.09481915933528842
2012-03-17,10.41,9.26,10.41,9.26,185279,0.12419006479481645
2012-03-18,8.08,10.41,10.41,8.08,189845,0.22382324687800192
2012-03-19,9.25,8.08,9.25,8.08,104781,0.1448019801980198
2012-03-20,9.7,9.25,9.7,9.25,191591,0.048648648648648575
2012-03-21,8.37,9.7,9.7,8.37,183563,0.13711340206185568
2012-03-22,10.66,8.37,10.66,8.37,159083,0.2735961768219834
2012-03-23,9.77,10.66,10.66,9.77,112751,0.08348968105065671
2012-03-24,8.58,9.77,9.77,8.58,126546,0.12180143295803475
2012-03-25,10.23,8.58,10.23,8.58,122092,0.19230769230769235
2012-03-26,7.9,10.23,10.23,7.9,113761,0.22776148582600195
2012-03-27,9.95,7.9,9.95,7.9,113113,0.2594936708860758
2012-03-28,9.82,9.95,9.95,9.82,138801,0.01306532663316573
2012-03-29,11.8,9.82,11.8,9.82,104002,0.20162932790224036
2012-03-30,9.22,11.8,11.8,9.22,143421,0.21864406779661016
2012-03-31,8.41,9.22,9.22,8.41,190945,0.08785249457700656
2012-04-01,9.95,8.41,9.95,8.41,157172,0.1831153388822829
2012-04-02,9.56,9.95,9.95,9.56,113922,0.03919597989949737
2012-04-03,9.37,9.56,9.56,9.37,187606,0.01987447698744783
2012-04-04,12.02,9.37,12.02,9.37,178752,0.2828175026680897
2012-04-05,9.95,12.02,12.02,9.95,194561,0.1722129783693844
2012-04-06,8.71,9.95,9.95,8.71,151285,0.1246231155778893
2012-04-07,10.28,8.71,10.28,8.71,137474,0.18025258323765767
2012-04-08,8.8,10.28,10.28,8.8,153069,0.14396887159533062
2012-04-09,10.26,8.8,10.26,8.8,149009,0.16590909090909078
2012-04-10,10.36,10.26,10.36,10.26,152407,0.00974658869395708
2012-04-11,10.95,10.36,10.95,10.36,179634,0.05694980694980694
2012-04-12,10.39,10.95,10.95,10.39,144407,0.05114155251141541
2012-04-13,9.41,10.39,10.39,9.41,116925,0.09432146294513959
2012-04-14,10.89,9.41,10.89,9.41,115396,0.1572794899043571
2012-04-15,9.95,10.89,10.89,9.95,111232,0.08631772268135916
2012-04-16,9.76,9.95,9.95,9.76,180576,0.019095477386934626
2012-04-17,10.96,9.76,10.96,9.76,170179,0.12295081967213126
2012-04-18,10.36,10.96,10.96,10.36,146921,0.05474452554744538
2012-04-19,9.55,10.36,10.36,9.55,189007,0.07818532818532807
2012-04-20,10.59,9.55,10.59,9.55,115012,0.10890052356020932
2012-04-21,7.93,10.59,10.59,7.93,104374,0.25118035882908407
2012-04-22,10.18,7.93,10.18,7.93,163746,0.2837326607818411
2012-04-23,9.36,10.18,10.18,9.36,191002,0.08055009823182714
2012-04-24,8.84,9.36,9.36,8.84,137200,0.05555555555555551
2012-04-25,9.26,8.84,9.26,8.84,123553,0.04751131221719456
2012-04-26,9.8,9.26,9.8,9.26,181354,0.05831533477321824
2012-04-27,10.41,9.8,10.41,9.8,148672,0.06224489795918361
2012-04-28,10.45,10.41,10.45,10.41,146152,0.0038424591738711955
2012-04-29,9.7,10.45,10.45,9.7,169217,0.07177033492822966
2012-04-30,10.75,9.7,10.75,9.7,112141,0.10824742268041246
2012-05-01,9.03,10.75,10.75,9.03,112672,0.16000000000000006
2012-05-02,10.01,9.03,10.01,9.03,138465,0.10852713178294579
2012-05-03,7.96,10.01,10.01,7.96,186144,0.20479520479520477
2012-05-04,9.03,7.96,9.03,7.96,148080,0.13442211055276373
2012-05-05,8.87,9.03,9.03,8.87,196863,0.017718715393134014
2012-05-06,8.25,8.87,8.87,8.25,123917,0.06989853438556926
2012-05-07,9.66,8.25,9.66,8.25,169801,0.17090909090909093
2012-05-08,9.22,9.66,9.66,9.22,148466,0.04554865424430637
2012-05-09,10.81,9.22,10.81,9.22,178620,0.1724511930585683
2012-05-10,10.25,10.81,10.81,10.25,189724,0.0518038852913969
2012-05-11,9.84,10.25,10.25,9.84,118676,0.040000000000000015
2012-05-12,11.57,9.84,11.57,9.84,150025,0.17581300813008136
2012-05-13,11.34,11.57,11.57,11.34,133612,0.01987899740708733
2012-05-14,9.14,11.34,11.34,9.14,170547,0.1940035273368606
2012-05-15,11.45,9.14,11.45,9.14,171901,0.25273522975929963
2012-05-16,10.94,11.45,11.45,10.94,127576,0.04454148471615719
2012-05-17,9.78,10.94,10.94,9.78,105960,0.10603290676416821
2012-05-18,9.18,9.78,9.78,9.18,127071,0.06134969325153371
2012-05-19,9.75,9.18,9.75,9.18,157825,0.06209150326797389
2012-05-20,10.77,9.75,10.77,9.75,112509,0.10461538461538457
2012-05-21,10.1,10.77,10.77,10.1,160215,0.06220984215413184
2012-05-22,10.78,10.1,10.78,10.1,127552,0.0673267326732673
2012-05-23,11.34,10.78,11.34,10.78,176814,0.051948051948052
2012-05-24,11.87,11.34,11.87,11.34,139584,0.04673721340388001
2012-05-25,9.71,11.87,11.87,9.71,108239,0.18197135636057274
2012-05-26,9.35,9.71,9.71,9.35,180075,0.037075180226570664
2012-05-27,10.97,9.35,10.97,9.35,174672,0.17326203208556162
2012-05-28,11.19,10.97,11.19,10.97,151172,0.02005469462169543
2012-05-29,10.28,11.19,11.19,10.28,124993,0.08132260947274354
2012-05-30,10.93,10.28,10.93,10.28,172772,0.06322957198443584
2012-05-31,9.96,10.93,10.93,9.96,114922,0.08874656907593768
2012-06-01,10.09,9.96,10.09,9.96,190025,0.013052208835341264
2012-06-02,10.41,10.09,10.41,10.09,118118,0.031714568880079314
2012-06-03,10.16,10.41,10.41,10.16,181347,0.024015369836695485
2012-06-04,11.15,10.16,11.15,10.16,179609,0.09744094488188978
2012-06-05,10.07,11.15,11.15,10.07,132959,0.0968609865470852
2012-06-06,9.82,10.07,10.07,9.82,100722,0.024826216484607744
2012-06-07,9.74,9.82,9.82,9.74,126033,0.008146639511201636
2012-06-08,10.32,9.74,10.32,9.74,126448,0.05954825462012321
2012-06-09,10.91,10.32,10.91,10.32,130622,0.0571705426356589
2012-06-10,9.22,10.91,10.91,9.22,185387,0.15490375802016493
2012-06-11,9.56,9.22,9.56,9.22,165942,0.036876355748373085
2012-06-12,8.66,9.56,9.56,8.66,159169,0.09414225941422598
2012-06-13,10.51,8.66,10.51,8.66,193120,0.21362586605080827
2012-06-14,10.97,10.51,10.97,10.51,103017,0.043767840152236046
2012-06-15,9.79,10.97,10.97,9.79,163125,0.10756608933454889
2012-06-16,10.14,9.79,10.14,9.79,173683,0.03575076608784489
2012-06-17,11.59,10.14,11.59,10.14,185571,0.14299802761341215
2012-06-18,10.24,11.59,11.59,10.24,147839,0.11647972389991369
2012-06-19,9.64,10.24,10.24,9.64,134197,0.058593749999999965
2012-06-20,9.9,9.64,9.9,9.64,122920,0.02697095435684645
2012-06-21,9.18,9.9,9.9,9.18,197586,0.0727272727272728
2012-06-22,10.84,9.18,10.84,9.18,156068,0.18082788671023967
2012-06-23,9.12,10.84,10.84,9.12,112090,0.15867158671586723
2012-06-24,9.2,9.12,9.2,9.12,152086,0.008771929824561412
2012-06-25,8.9,9.2,9.2,8.9,120874,0.0326086956521738
2012-06-26,11.21,8.9,11.21,8.9,181432,0.2595505617977529
2012-06-27,10.36,11.21,11.21,10.36,157102,0.07582515611061565
2012-06-28,7.39,10.36,10.36,7.39,197530,0.28667953667953666
2012-06-29,10.33,7.39,10.33,7.39,179157,0.39783491204330185
2012-06-30,10.44,10.33,10.44,10.33,185170,0.010648596321393942
2012-07-01,9.5,10.44,10.44,9.5,179026,0.09003831417624517
2012-07-02,9.56,9.5,9.56,9.5,186658,0.006315789473684263
2012-07-03,10.31,9.56,10.31,9.56,168019,0.07845188284518828
2012-07-04,9.23,10.31,10.31,9.23,127804,0.10475266731328807
2012-07-05,11.8,9.23,11.8,9.23,199492,0.27843986998916576
2012-07-06,12.24,11.8,12.24,11.8,132560,0.03728813559322029
2012-07-07,10.31,12.24,12.24,10.31,179694,0.15767973856209147
2012-07-08,10.99,10.31,10.99,10.31,167374,0.06595538312318135
2012-07-09,9.62,10.99,10.99,9.62,198541,0.12465878070973621
2012-07-10,9.6,9.62,9.62,9.6,160046,0.002079002079002035
2012-07-11,9.39,9.6,9.6,9.39,179829,0.021874999999999905
2012-07-12,10.5,9.39,10.5,9.39,104787,0.11821086261980823
2012-07-13,11.01,10.5,11.01,10.5,140583,0.04857142857142855
2012-07-14,10.92,11.01,11.01,10.92,134684,0.008174386920980914
2012-07-15,8.98,10.92,10.92,8.98,173119,0.1776556776556776
2012-07-16,8.55,8.98,8.98,8.55,186325,0.04788418708240531
2012-07-17,10.57,8.55,10.57,8.55,181028,0.2362573099415204
2012-07-18,10.04,10.57,10.57,10.04,151012,0.050141911069063495
2012-07-19,11.1,10.04,11.1,10.04,185284,0.10557768924302795
2012-07-20,8.79,11.1,11.1,8.79,103976,0.20810810810810815
2012-07-21,10.31,8.79,10.31,8.79,130463,0.17292377701934034
2012-07-22,7.92,10.31,10.31,7.92,138038,0.23181377303588754
2012-07-23,10.12,7.92,10.12,7.92,154362,0.2777777777777777
2012-07-24,10.96,10.12,10.96,10.12,112658,0.08300395256917013
2012-07-25,8.76,10.96,10.96,8.76,164580,0.20072992700729936
2012-07-26,9.3,8.76,9.3,8.76,132725,0.061643835616438464
2012-07-27,7.72,9.3,9.3,7.72,112958,0.16989247311827965
2012-07-28,8.14,7.72,8.14,7.72,137565,0.05440414507772032
2012-07-29,10.17,8.14,10.17,8.14,167203,0.24938574938574928
2012-07-30,10.41,10.17,10.41,10.17,146849,0.02359882005899707
2012-07-31,9.36,10.41,10.41,9.36,115973,0.1008645533141211
2012-08-01,10.07,9.36,10.07,9.36,150431,0.07585470085470095
2012-08-02,9.03,10.07,10.07,9.03,137452,0.1032770605759683
2012-08-03,10.63,9.03,10.63,9.03,139868,0.17718715393134016
2012-08-04,10.18,10.63,10.63,10.18,138165,0.04233301975540932
2012-08-05,10.3,10.18,10.3,10.18,195716,0.011787819253438213
2012-08-06,11.5,10.3,11.5,10.3,181020,0.11650485436893196
2012-08-07,9.52,11.5,11.5,9.52,118183,0.1721739130434783
2012-08-08,11.5,9.52,11.5,9.52,165856,0.207983193277311
2012-08-09,12.32,11.5,12.32,11.5,132706,0.07130434782608698
2012-08-10,9.83,12.32,12.32,9.83,160358,0.20211038961038963
2012-08-11,8.92,9.83,9.83,8.92,189288,0.0925737538148525
2012-08-12,10.82,8.92,10.82,8.92,177630,0.21300448430493277
2012-08-13,10.11,10.82,10.82,10.11,154858,0.06561922365988918
2012-08-14,8.09,10.11,10.11,8.09,152759,0.19980217606330364
2012-08-15,9.97,8.09,9.97,8.09,163247,0.23238566131025967
2012-08-16,9.81,9.97,9.97,9.81,168052,0.016048144433299914
2012-08-17,8.67,9.81,9.81,8.67,113850,0.11620795107033645
2012-08-18,10.96,8.67,10.96,8.67,111903,0.26412918108419847
2012-08-19,9.84,10.96,10.96,9.84,120362,0.1021897810218979
2012-08-20,9.39,9.84,9.84,9.39,149940,0.0457317073170731
2012-08-21,10.77,9.39,10.77,9.39,145547,0.14696485623003183
2012-08-22,8.38,10.77,10.77,8.38,187274,0.22191272051996275
2012-08-23,9.29,8.38,9.29,8.38,160893,0.10859188544152724
2012-08-24,11.21,9.29,11.21,9.29,137234,0.20667384284176554
2012-08-25,8.14,11.21,11.21,8.14,166153,0.27386262265834077
2012-08-26,9.61,8.14,9.61,8.14,139146,0.18058968058968045
2012-08-27,9.78,9.61,9.78,9.61,188974,0.017689906347554626
2012-08-28,9.72,9.78,9.78,9.72,131420,0.006134969325153244
2012-08-29,10.08,9.72,10.08,9.72,158653,0.03703703703703698
2012-08-30,11.7,10.08,11.7,10.08,133476,0.16071428571428564
2012-08-31,11.19,11.7,11.7,11.19,196455,0.043589743589743574
2012-09-01,9.63,11.19,11.19,9.63,181331,0.13941018766756022
2012-09-02,7.87,9.63,9.63,7.87,197493,0.1827622014537903
2012-09-03,9.17,7.87,9.17,7.87,114513,0.16518424396442183
2012-09-04,9.89,9.17,9.89,9.17,133673,0.07851690294438393
2012-09-05,10.55,9.89,10.55,9.89,142491,0.0667340748230536
2012-09-06,10.09,10.55,10.55,10.09,114095,0.04360189573459723
2012-09-07,10.9,10.09,10.9,10.09,169852,0.08027750247770074
2012-09-08,10.74,10.9,10.9,10.74,175407,0.01467889908256882
2012-09-09,8.27,10.74,10.74,8.27,140923,0.22998137802607083
2012-09-10,10.72,8.27,10.72,8.27,182035,0.29625151148730366
2012-09-11,9.54,10.72,10.72,9.54,138697,0.11007462686567178
2012-09-12,10.41,9.54,10.41,9.54,186245,0.09119496855345924
2012-09-13,9.43,10.41,10.41,9.43,196447,0.09414024975984635
2012-09-14,9.24,9.43,9.43,9.24,136458,0.02014846235418871
2012-09-15,9.22,9.24,9.24,9.22,188286,0.002164502164502118
2012-09-16,10.14,9.22,10.14,9.22,142783,0.09978308026030368
2012-09-17,11.78,10.14,11.78,10.14,146109,0.16173570019723854
2012-09-18,10.87,11.78,11.78,10.87,194399,0.0772495755517827
2012-09-19,9.11,10.87,10.87,9.11,196886,0.16191352345906163
2012-09-20,8.15,9.11,9.11,8.15,105017,0.10537870472008772
2012-09-21,9.36,8.15,9.36,8.15,124514,0.14846625766871155
2012-09-22,9.89,9.36,9.89,9.36,194359,0.05662393162393175
2012-09-23,9.65,9.89,9.89,9.65,165259,0.024266936299292236
2012-09-24,10.43,9.65,10.43,9.65,142490,0.08082901554404139
2012-09-25,10.71,10.43,10.71,10.43,130246,0.026845637583892728
2012-09-26,10.52,10.71,10.71,10.52,104310,0.017740429505135505
